Date,Time,Direction,Contact,Phone,Content,Type
2024-08-28,20:49:18,Received,MobileMoney,MobileMoney,You have received 1100 XAF from VIOLET ETOH ENDALI (237673839910) on your mobile money account at 2024-08-28 20:49:19. Message from sender: 1. Your new balance:1160 XAF. Financial Transaction Id: 9842393163.,SMS
2024-08-31,09:29:52,Received,MobileMoney,MobileMoney,"You have transferred 1050 XAF to LOIC BELVIS FONGANG FOKOU (237675659919) from your mobile money account 101390378 at 2024-08-31 09:29:47 FEES 5 FCFA. Your new balance: 105 XAF. Message from sender: . Message to receiver: . Financial Transaction Id: 9862373207. Enjoy Payments with MoMo at ZERO Fees (Purchases, Bills, MINESEC Tuition Fees) and that's not all.. Stand a chance to win a MoMoSoukoul : A School Bag every 5 minutes, 50,000F every hour or 100,000F every week when making a minimum payment of 2,500F. Info at 8787 or WhatsApp 650528788.",SMS
2024-08-31,09:30:03,Received,MobileMoney,MobileMoney,Your account (FRI:101390378/MM) has been revived.,SMS
2024-08-31,09:40:34,Received,MobileMoney,MobileMoney,"Your payment of 25 XAF to MTNC AIRTIME with token  has failed at 2024-08-31 09:38:10, reason: -. Message: -. Financial Transaction Id: 9862449466. External Transaction Id: 9862449466.",SMS
2024-08-31,09:43:35,Received,MobileMoney,MobileMoney,Yello you have successfully purchased 100 XAF airtime with transaction Id: 9862482093,SMS
2024-08-31,09:43:38,Received,MobileMoney,MobileMoney,"Your payment of 100 XAF to MTNC AIRTIME with token  has been completed at 2024-08-31 09:41:47. Your new balance: 5 XAF. Fee was 0 XAF, loyalty fee was - and loyalty reward was -. The amount was subject to a discount of - and coupons worth -. Message: -. Financial Transaction Id: 9862482093. External Transaction Id: 9862482093. Provider message: -. Enjoy Payments with MoMo at ZERO Fees (Purchases, Bills, MINESEC Tuition Fees) and that's not all.. Stand a chance to win a MoMoSoukoul : A School Bag every 5 minutes, 50,000F every hour or 100,000F every week when making a minimum payment of 2,500F. Info at 8787 or WhatsApp 650528788.",SMS
2024-09-11,14:13:44,Received,MobileMoney,MobileMoney,"Cher Client, La section 14.3 des Termes et Conditions du contrat de souscription MoMo a ete mise a jour. A consulter via https://bit.ly/MoMoTermsFR. Merci",SMS
2024-09-13,14:20:24,Received,MobileMoney,MobileMoney,"Cher Client, La section 14.3 des Termes et Conditions du contrat de souscription MoMo a ete mise a jour. A consulter via https://bit.ly/MoMoTermsFR. Merci",SMS
2024-09-19,20:34:41,Received,MobileMoney,MobileMoney,You have received 500 XAF from OLIVIER CALVIN NGOGEO KANA (237678223408) on your mobile money account at 2024-09-19 20:34:37. Message from sender: 1. Your new balance:505 XAF. Financial Transaction Id: 10033942132.,SMS
2024-09-23,09:54:54,Received,MobileMoney,MobileMoney,"You have transferred 300 XAF to BLANC LEROY TATSINDA NDONGUE (237682450397) from your mobile money account 101390378 at 2024-09-23 09:54:53 FEES 2 FCFA. Your new balance: 203 XAF. Message from sender: . Message to receiver: . Financial Transaction Id: 10064081159. Enjoy Payments with MoMo at ZERO Fees (Purchases, Bills, MINESEC Tuition Fees) and that's not all.. Stand a chance to win a MoMoSoukoul : A School Bag every 5 minutes, 50,000F every hour or 100,000F every week when making a minimum payment of 2,500F. Info at 8787 or WhatsApp 650528788.",SMS
2024-09-23,10:13:47,Received,MobileMoney,MobileMoney,"Your payment of 100 XAF to MTNC AIRTIME with token  has been completed at 2024-09-23 10:12:42. Your new balance: 103 XAF. Fee was 0 XAF, loyalty fee was - and loyalty reward was -. The amount was subject to a discount of - and coupons worth -. Message: -. Financial Transaction Id: 10064226664. External Transaction Id: 10064226664. Provider message: -. Enjoy Payments with MoMo at ZERO Fees (Purchases, Bills, MINESEC Tuition Fees) and that's not all.. Stand a chance to win a MoMoSoukoul : A School Bag every 5 minutes, 50,000F every hour or 100,000F every week when making a minimum payment of 2,500F. Info at 8787 or WhatsApp 650528788.",SMS
2024-09-23,10:14:31,Received,MobileMoney,MobileMoney,Yello you have successfully purchased 100 XAF airtime with transaction Id: 10064226664,SMS
2024-09-29,19:04:53,Received,MobileMoney,MobileMoney,"You have received 500 XAF from BASSIROU MOHAMADOU (237681929481 BASSIROU MOHAMADOU) on your mobile money account at 2024-09-29 19:04:50. Message from sender: . Your new balance: 603 XAF. Loyalty fee was 0 and loyalty reward was 0. Promotion was 0. Financial Transaction Id: 10122254754. Enjoy Payments with MoMo at ZERO Fees (Purchases, Bills, MINESEC Tuition Fees) and that's not all.. Stand a chance to win a MoMoSoukoul : A School Bag every 5 minutes, 50,000F every hour or 100,000F every week when making a minimum payment of 2,500F. Info at 8787 or WhatsApp 650528788.",SMS
2024-09-29,19:15:30,Received,MobileMoney,MobileMoney,"You have transferred 300 XAF to BLANC LEROY TATSINDA NDONGUE (237682450397) from your mobile money account 101390378 at 2024-09-29 19:15:24 FEES 2 FCFA. Your new balance: 301 XAF. Message from sender: . Message to receiver: . Financial Transaction Id: 10122374942. Enjoy Payments with MoMo at ZERO Fees (Purchases, Bills, MINESEC Tuition Fees) and that's not all.. Stand a chance to win a MoMoSoukoul : A School Bag every 5 minutes, 50,000F every hour or 100,000F every week when making a minimum payment of 2,500F. Info at 8787 or WhatsApp 650528788.",SMS
2024-09-29,19:29:40,Received,MobileMoney,MobileMoney,Yello you have successfully purchased 100 XAF airtime with transaction Id: 10122528014,SMS
2024-09-29,19:29:45,Received,MobileMoney,MobileMoney,"Your payment of 100 XAF to MTNC AIRTIME with token  has been completed at 2024-09-29 19:29:17. Your new balance: 201 XAF. Fee was 0 XAF, loyalty fee was - and loyalty reward was -. The amount was subject to a discount of - and coupons worth -. Message: -. Financial Transaction Id: 10122528014. External Transaction Id: 10122528014. Provider message: -. Enjoy Payments with MoMo at ZERO Fees (Purchases, Bills, MINESEC Tuition Fees) and that's not all.. Stand a chance to win a MoMoSoukoul : A School Bag every 5 minutes, 50,000F every hour or 100,000F every week when making a minimum payment of 2,500F. Info at 8787 or WhatsApp 650528788.",SMS
2024-10-01,20:44:38,Received,MobileMoney,MobileMoney,Yello you have successfully purchased 100 XAF airtime with transaction Id: 10141465081,SMS
2024-10-01,20:44:44,Received,MobileMoney,MobileMoney,"Your payment of 100 XAF to MTNC AIRTIME with token  has been completed at 2024-10-01 20:44:23. Your new balance: 101 XAF. Fee was 0 XAF, loyalty fee was - and loyalty reward was -. The amount was subject to a discount of - and coupons worth -. Message: -. Financial Transaction Id: 10141465081. External Transaction Id: 10141465081. Provider message: -. Enjoy Payments with MoMo at ZERO Fees (Purchases, Bills, MINESEC Tuition Fees) and that's not all.. Stand a chance to win a MoMoSoukoul : A School Bag every 5 minutes, 50,000F every hour or 100,000F every week when making a minimum payment of 2,500F. Info at 8787 or WhatsApp 650528788.",SMS
2024-10-05,21:18:46,Received,MobileMoney,MobileMoney,"Your payment of 50 XAF to MTNC AIRTIME with token  has failed at 2024-10-05 21:18:25, reason: -. Message: -. Financial Transaction Id: 10177660836. External Transaction Id: 10177660836.",SMS
2024-10-05,21:20:18,Received,MobileMoney,MobileMoney,Yello you have successfully purchased 100 XAF airtime with transaction Id: 10177668869,SMS
2024-10-05,21:20:59,Received,MobileMoney,MobileMoney,"Your payment of 100 XAF to MTNC AIRTIME with token  has been completed at 2024-10-05 21:19:36. Your new balance: 1 XAF. Fee was 0 XAF, loyalty fee was - and loyalty reward was -. The amount was subject to a discount of - and coupons worth -. Message: -. Financial Transaction Id: 10177668869. External Transaction Id: 10177668869. Provider message: -. Enjoy Payments with MoMo at ZERO Fees (Purchases, Bills, MINESEC Tuition Fees) and that's not all.. Stand a chance to win a MoMoSoukoul : A School Bag every 5 minutes, 50,000F every hour or 100,000F every week when making a minimum payment of 2,500F. Info at 8787 or WhatsApp 650528788.",SMS
2024-10-13,10:09:35,Received,MobileMoney,MobileMoney,"Yello vous avez recu 150 XAF airtime de 237681678387-ABDOURAMAN ABBA PASCAL SARL avec transaction Id: 10243520523. Profitez du Paiement avec MoMo a ZERO Frais (Achats, Factures, Scolarite MINESEC) et tentez de gagner un MoMoSoukoul : Un Sac toutes les 5 minutes, 50.000F toutes les  heures ou 100.000F toutes les semaines pour tout paiement minimum de 2.500F ! Plus d'infos au 8787 ou WhatsApp 650528787",SMS
2024-10-21,01:16:24,Received,MobileMoney,MobileMoney,Current balance: 1 FCFA ; Available balance: 1 FCFA ; Airtime  balance: 1 FCFA ; MTN MoMo Gift Balance: 0.,SMS
2024-10-21,22:06:15,Received,MobileMoney,MobileMoney,"Yello vous avez recu 100 XAF airtime de 237681678387-ABDOURAMAN ABBA PASCAL SARL avec transaction Id: 10322692307. Profitez du Paiement avec MoMo a ZERO Frais (Achats, Factures, Scolarite MINESEC) et tentez de gagner un MoMoSoukoul : Un Sac toutes les 5 minutes, 50.000F toutes les  heures ou 100.000F toutes les semaines pour tout paiement minimum de 2.500F ! Plus d'infos au 8787 ou WhatsApp 650528787",SMS
2024-10-29,21:28:17,Received,MobileMoney,MobileMoney,"Yello vous avez recu 100 XAF airtime de 237681678387-ABDOURAMAN ABBA PASCAL SARL avec transaction Id: 10400107732. Profitez du Paiement avec MoMo a ZERO Frais (Achats, Factures, Scolarite MINESEC) et tentez de gagner un MoMoSoukoul : Un Sac toutes les 5 minutes, 50.000F toutes les  heures ou 100.000F toutes les semaines pour tout paiement minimum de 2.500F ! Plus d'infos au 8787 ou WhatsApp 650528787",SMS
2024-11-04,17:40:48,Received,MobileMoney,MobileMoney,An adjustment has been made and 100 XAF has been added to your mobile money account 101390378 at 2024-11-04 17:38:59. Message: MOMO GIFT CAMPAIGN. Your new balance: 101 XAF. Financial Transaction Id: 10457031149.,SMS
2024-11-04,22:08:04,Received,MobileMoney,MobileMoney,"Yello vous avez recu 150 XAF airtime de 237679877354-KOLETOU NARAYE avec transaction Id: 10459921465. MoMo casse les prix pour ses clients ! Désormais, 25% de baisse sur tous vos retraits. RDV dans vos points MoMo. Plus d'infos au 8787 ou WhatsApp 650528787",SMS
2024-11-10,18:22:11,Received,MobileMoney,MobileMoney,Current balance: 101 FCFA ; Available balance: 101 FCFA ; Airtime  balance: 1 FCFA ; MTN MoMo Gift Balance: 0.,SMS
2024-11-11,00:19:58,Received,MobileMoney,MobileMoney,"Hello, the transaction with amount 25 XAF for CIS BUNDLES (CIS_BUNDLES) with message:  failed at 2024-11-11 00:19:58, reason: Expired .Please check your balance or contact system admin for more information. Financial Transaction Id: 10518964194. External Transaction Id: 47264793413134462.",SMS
2024-11-11,00:20:23,Received,MobileMoney,MobileMoney,"Hello, the transaction with amount 25 XAF for CIS BUNDLES (CIS_BUNDLES) with message:  failed at 2024-11-11 00:20:23, reason: Expired .Please check your balance or contact system admin for more information. Financial Transaction Id: 10518910407. External Transaction Id: 45641589443535152.",SMS
2024-11-11,13:24:00,Received,MobileMoney,MobileMoney,"Your payment of 100 XAF to MTNC AIRTIME has been completed at 2024-11-11 12:55:22. Your new balance: 1 XAF. Fee was 0 XAF. Message: -. Transaction Id: 10525488385. MoMo cuts prices for its customers! From now on, 25% off all your withdrawals. Go to your MoMo point of sale. More info on 8787 or WhatsApp 650528787",SMS
2024-11-11,13:24:15,Received,MobileMoney,MobileMoney,Yello you have successfully purchased 100 XAF airtime with transaction Id: 10525488385,SMS
2024-11-12,00:00:26,Received,MobileMoney,MobileMoney,"Hello, the transaction with amount 25 XAF for CIS BUNDLES (CIS_BUNDLES) with message:  failed at 2024-11-12 00:00:26, reason: Expired .Please check your balance or contact system admin for more information. Financial Transaction Id: 10522013047. External Transaction Id: 46025671667194422.",SMS
2024-11-12,20:14:00,Received,MobileMoney,MobileMoney,"Yello you have received 100 XAF Airtime from 237653219842 - DOUMBIA TIEMAN Flash Services with transaction Id: 10540739778. MoMo cuts prices for its customers! From now on, 25% off all your withdrawals. Go to your MoMo point of sale. More info on 8787 or WhatsApp 650528787",SMS
2024-11-16,22:22:29,Received,MobileMoney,MobileMoney,Current balance: 1 FCFA ; Available balance: 1 FCFA ; Airtime  balance: 0 FCFA ; MTN MoMo Gift Balance: 0.,SMS
2024-11-17,17:24:43,Received,MobileMoney,MobileMoney,"Yello you have received 200 XAF Airtime from 237679385415 - DIYEN MOMJANG AYEAH CUCAS LTD with transaction Id: 10590907377. MoMo cuts prices for its customers! From now on, 25% off all your withdrawals. Go to your MoMo point of sale. More info on 8787 or WhatsApp 650528787",SMS
2024-11-21,05:46:38,Received,MobileMoney,MobileMoney,You have received a transfer of 500 FCFA from 659493437 via Orange Cameroun on 2024-11-21 05:44:42 in your MTN MoMo account. Transaction ID: 10627254873.,SMS
2024-11-21,05:48:52,Received,MobileMoney,MobileMoney,You have received 500 XAF from Transfer from Non MoMo Account   (Transfert_Non_MoMo_I) on your mobile money account at 2024-11-21 05:44:42. Message from sender: jMNMJZm66zv1 + 12001. Your new balance:501 XAF. Financial Transaction Id: 10627254873.,SMS
2024-11-21,05:48:54,Received,MobileMoney,MobileMoney,"Hello, A transaction of 500 XAF by MTNC BUNDLES_FORFAITS   (MTN_Bundles) on your mobile money account successfully completed at 2024-11-21 05:46:46. The amount was subject to a discount of 0 and coupons worth 0. Message from debit receiver: . Your new balance:1 XAF. Fee was 0 XAF, loyalty fee was 0 and loyalty reward was 0. Financial Transaction Id: 10627260882. External Transaction Id: 7239877236988037227. MoMo cuts prices for its customers! From now on, 25% off all your withdrawals. Go to your MoMo point of sale. More info on 8787 or WhatsApp 650528787",SMS
2024-11-21,18:03:38,Received,MobileMoney,MobileMoney,"Yello you have received 100 XAF Airtime from 237653219842 - DOUMBIA TIEMAN Flash Services with transaction Id: 10634176807. MoMo cuts prices for its customers! From now on, 25% off all your withdrawals. Go to your MoMo point of sale. More info on 8787 or WhatsApp 650528787",SMS
2024-11-26,17:38:06,Received,MobileMoney,MobileMoney,"Yello you have received 100 XAF Airtime from 237681685693 - MIREILLE JULIENNE ALIMA with transaction Id: 10687435634. MoMo cuts prices for its customers! From now on, 25% off all your withdrawals. Go to your MoMo point of sale. More info on 8787 or WhatsApp 650528787",SMS
2024-11-30,22:34:15,Received,MobileMoney,MobileMoney,"Yello vous avez recu 100 XAF airtime de 237653219842-DOUMBIA TIEMAN Flash Services avec transaction Id: 10733885924. MoMo casse les prix pour ses clients ! Désormais, 25% de baisse sur tous vos retraits. RDV dans vos points MoMo. Plus d'infos au 8787 ou WhatsApp 650528787",SMS
2024-12-02,20:29:39,Received,MobileMoney,MobileMoney,Current balance: 1 FCFA ; Available balance: 1 FCFA ; Airtime  balance: 43 FCFA ; MTN MoMo Gift Balance: 0.,SMS
2024-12-03,14:07:54,Received,MobileMoney,MobileMoney,"Yello you have received 100 XAF Airtime from 237654178692 - MABA ANAIQUE CHARLIN WILLY DISTRIBUTION with transaction Id: 10760382230. MoMo cuts prices for its customers! From now on, 25% off all your withdrawals. Go to your MoMo point of sale. More info on 8787 or WhatsApp 650528787",SMS
2024-12-04,19:56:27,Received,MobileMoney,MobileMoney,"Yello vous avez recu 100 XAF airtime de 237681678387-ABDOURAMAN ABBA PASCAL SARL avec transaction Id: 10775677255. MoMo casse les prix pour ses clients ! Désormais, 25% de baisse sur tous vos retraits. RDV dans vos points MoMo. Plus d'infos au 8787 ou WhatsApp 650528787",SMS
2024-12-06,20:10:45,Received,MobileMoney,MobileMoney,Current balance: 1 FCFA ; Available balance: 1 FCFA ; Airtime  balance: 41 FCFA ; MTN MoMo Gift Balance: 0.,SMS
2024-12-06,20:45:52,Received,MobileMoney,MobileMoney,"Yello vous avez recu 100 XAF airtime de 237681678387-ABDOURAMAN ABBA PASCAL SARL avec transaction Id: 10797598812. MoMo casse les prix pour ses clients ! Désormais, 25% de baisse sur tous vos retraits. RDV dans vos points MoMo. Plus d'infos au 8787 ou WhatsApp 650528787",SMS
2024-12-12,14:01:13,Received,MobileMoney,MobileMoney,"Yello vous avez recu 100 XAF airtime de 237681678387-ABDOURAMAN ABBA PASCAL SARL avec transaction Id: 10858452813. MoMo casse les prix pour ses clients ! Désormais, 25% de baisse sur tous vos retraits. RDV dans vos points MoMo. Plus d'infos au 8787 ou WhatsApp 650528787",SMS
2024-12-17,20:01:06,Received,MobileMoney,MobileMoney,"Yello vous avez recu 200 XAF airtime de 237681678387-ABDOURAMAN ABBA PASCAL SARL avec transaction Id: 10918420708. MoMo casse les prix pour ses clients ! Désormais, 25% de baisse sur tous vos retraits. RDV dans vos points MoMo. Plus d'infos au 8787 ou WhatsApp 650528787",SMS
2024-12-18,20:12:21,Received,MobileMoney,MobileMoney,"Yello vous avez recu 100 XAF airtime de 237681678387-ABDOURAMAN ABBA PASCAL SARL avec transaction Id: 10929732640. MoMo casse les prix pour ses clients ! Désormais, 25% de baisse sur tous vos retraits. RDV dans vos points MoMo. Plus d'infos au 8787 ou WhatsApp 650528787",SMS
2024-12-21,21:56:38,Received,MobileMoney,MobileMoney,"Yello vous avez recu 100 XAF airtime de 237681678387-ABDOURAMAN ABBA PASCAL SARL avec transaction Id: 10965781885. MoMo casse les prix pour ses clients ! Désormais, 25% de baisse sur tous vos retraits. RDV dans vos points MoMo. Plus d'infos au 8787 ou WhatsApp 650528787",SMS
2024-12-25,12:40:47,Received,MobileMoney,MobileMoney,"Yello vous avez recu 100 XAF airtime de 237681678387-ABDOURAMAN ABBA PASCAL SARL avec transaction Id: 11007670790. MoMo casse les prix pour ses clients ! Désormais, 25% de baisse sur tous vos retraits. RDV dans vos points MoMo. Plus d'infos au 8787 ou WhatsApp 650528787",SMS
2024-12-28,19:48:08,Received,MobileMoney,MobileMoney,"Yello vous avez recu 200 XAF airtime de 237682579729-DJIDA HAMAN NORBERT 5 TELECOM avec transaction Id: 11044327653. MoMo casse les prix pour ses clients ! Désormais, 25% de baisse sur tous vos retraits. RDV dans vos points MoMo. Plus d'infos au 8787 ou WhatsApp 650528787",SMS
2024-12-29,17:49:26,Received,MobileMoney,MobileMoney,"Yello vous avez recu 500 XAF airtime de 237681929481-BASSIROU MOHAMADOU avec transaction Id: 11054194291. MoMo casse les prix pour ses clients ! Désormais, 25% de baisse sur tous vos retraits. RDV dans vos points MoMo. Plus d'infos au 8787 ou WhatsApp 650528787",SMS
2025-01-02,13:00:30,Received,MobileMoney,MobileMoney,"Yello you have received 300 XAF Airtime from 237680618992 - AMADOU Issa 5 TELECOM with transaction Id: 11097017952. MoMo cuts prices for its customers! From now on, 25% off all your withdrawals. Go to your MoMo point of sale. More info on 8787 or WhatsApp 650528787",SMS
2025-01-06,07:00:59,Received,MobileMoney,MobileMoney,You have received 1050 XAF from SYLVARIA NGWATEH ANTIA (237683399650) on your mobile money account at 2025-01-06 07:00:53. Message from sender: 1. Your new balance:1051 XAF. Financial Transaction Id: 11136889928.,SMS
2025-01-11,20:17:48,Received,MobileMoney,MobileMoney,You have received 1600 XAF from MODESTINE WENJICK TENENG (237682965309) on your mobile money account at 2025-01-11 20:17:49. Message from sender: 1. Your new balance:2651 XAF. Financial Transaction Id: 11198865108.,SMS
2025-01-13,10:14:28,Received,MobileMoney,MobileMoney,"You have withdrawn 1500 XAF from your mobile money account at MARTINE LARISSA BOBO on 2025-01-13 10:14:02. Your new balance:1097 XAF. Financial Transaction Id: 11214085238. Law of Finance for 2025: Transfer and withdrawal fees include a 0.2% tax on the transaction amount, plus now a fixed fee of 4 FCFA per transaction. More information at 8787.",SMS
2025-01-13,12:18:40,Received,MobileMoney,MobileMoney,"You have withdrawn 1000 XAF from your mobile money account at  on 2025-01-13 12:18:02. Your new balance:43 XAF. Financial Transaction Id: 11215430668. Law of Finance for 2025: Transfer and withdrawal fees include a 0.2% tax on the transaction amount, plus now a fixed fee of 4 FCFA per transaction. More information at 8787.",SMS
2025-01-18,23:15:09,Received,MobileMoney,MobileMoney,"A transaction of 25 XAF by CIS BUNDLES (CIS_BUNDLES) on your mobile money account successfully completed at 2025-01-18 23:14:56. The amount was subject to a discount of 0 and coupons worth 0. Message from debit receiver: . Your new balance:18 XAF. Fee was 0 XAF, loyalty fee was 0 and loyalty reward was 0. Financial Transaction Id: 11279207727. External Transaction Id: 10703332493790366. Law of Finance for 2025: Transfer and withdrawal fees include a 0.2% tax on the transaction amount, plus now a fixed fee of 4 FCFA per transaction. More information at 8787.",SMS
2025-01-31,14:01:55,Received,MobileMoney,MobileMoney,"Yello you have received 500 XAF Airtime from 237675351387 - BAN NDI COMFOR with transaction Id: 11415732040. MoMo cuts prices for its customers! From now on, 25% off all your withdrawals. Go to your MoMo point of sale. More info on 8787 or WhatsApp 650528787",SMS
2025-01-31,14:02:11,Received,MobileMoney,MobileMoney,"Yello you have received 500 XAF Airtime from 237675351387 - BAN NDI COMFOR with transaction Id: 11415732040. MoMo cuts prices for its customers! From now on, 25% off all your withdrawals. Go to your MoMo point of sale. More info on 8787 or WhatsApp 650528787",SMS
2025-01-31,14:03:57,Received,MobileMoney,MobileMoney,"Yello you have received 200 XAF Airtime from 237675351387 - BAN NDI COMFOR with transaction Id: 11415858779. MoMo cuts prices for its customers! From now on, 25% off all your withdrawals. Go to your MoMo point of sale. More info on 8787 or WhatsApp 650528787",SMS
2025-01-31,14:08:41,Received,MobileMoney,MobileMoney,"Yello you have received 200 XAF Airtime from 237675351387 - BAN NDI COMFOR with transaction Id: 11415858779. MoMo cuts prices for its customers! From now on, 25% off all your withdrawals. Go to your MoMo point of sale. More info on 8787 or WhatsApp 650528787",SMS
2025-01-31,14:12:27,Received,MobileMoney,MobileMoney,"Yello you have received 200 XAF Airtime from 237675351387 - BAN NDI COMFOR with transaction Id: 11415858779. MoMo cuts prices for its customers! From now on, 25% off all your withdrawals. Go to your MoMo point of sale. More info on 8787 or WhatsApp 650528787",SMS
2025-02-06,22:52:57,Received,MobileMoney,MobileMoney,You have received 200 XAF from SYLVARIA NGWATEH ANTIA (237683399650) on your mobile money account at 2025-02-06 22:52:57. Message from sender: 1. Your new balance:218 XAF. Financial Transaction Id: 11485969406.,SMS
2025-02-09,09:03:49,Received,MobileMoney,MobileMoney,Current balance: 218 FCFA ; Available balance: 218 FCFA ; Airtime  balance: 11 FCFA ; MTN MoMo Gift Balance: 0.,SMS
2025-02-09,21:01:11,Received,MobileMoney,MobileMoney,You have received 3100 XAF from NJONJI JUNIOR EMA EBONGO (237674250561) on your mobile money account at 2025-02-09 21:01:11. Message from sender: project . Your new balance:3318 XAF. Financial Transaction Id: 11518723469.,SMS
2025-02-10,23:14:13,Received,MobileMoney,MobileMoney,Current balance: 3318 FCFA ; Available balance: 3318 FCFA ; Airtime  balance: 11 FCFA ; MTN MoMo Gift Balance: 0.,SMS
2025-02-11,12:38:16,Received,MobileMoney,MobileMoney,You have received 2500 XAF from GRACE ENGWARI MASANGA (237673033592) on your mobile money account at 2025-02-11 12:38:15. Message from sender: 1999. Your new balance:5818 XAF. Financial Transaction Id: 11534900477.,SMS
2025-02-11,14:08:37,Received,MobileMoney,MobileMoney,"A transaction of 500 XAF by MTNC BUNDLES_FORFAITS   (MTN_Bundles) on your mobile money account successfully completed at 2025-02-11 14:07:01. The amount was subject to a discount of 0 and coupons worth 0. Message from debit receiver: . Your new balance:5318 XAF. Fee was 0 XAF, loyalty fee was 0 and loyalty reward was 0. Financial Transaction Id: 11535772036. External Transaction Id: 3974925717813889093. Law of Finance for 2025: Transfer and withdrawal fees include a 0.2% tax on the transaction amount, plus now a fixed fee of 4 FCFA per transaction. More information at 8787.",SMS
2025-02-11,19:12:23,Received,MobileMoney,MobileMoney,"You have withdrawn 5000 XAF from your mobile money account at  on 2025-02-11 19:11:56. Your new balance:239 XAF. Financial Transaction Id: 11539324611. Law of Finance for 2025: Transfer and withdrawal fees include a 0.2% tax on the transaction amount, plus now a fixed fee of 4 FCFA per transaction. More information at 8787.",SMS
2025-02-12,10:38:28,Received,MobileMoney,MobileMoney,"A transaction of 25 XAF by CIS BUNDLES (CIS_BUNDLES) on your mobile money account successfully completed at 2025-02-12 10:36:44. The amount was subject to a discount of 0 and coupons worth 0. Message from debit receiver: . Your new balance:214 XAF. Fee was 0 XAF, loyalty fee was 0 and loyalty reward was 0. Financial Transaction Id: 11544719124. External Transaction Id: 12310233242935124. Law of Finance for 2025: Transfer and withdrawal fees include a 0.2% tax on the transaction amount, plus now a fixed fee of 4 FCFA per transaction. More information at 8787.",SMS
2025-02-17,23:54:12,Received,MobileMoney,MobileMoney,"Hello, the transaction with amount 215 XAF for MTNC BUNDLES_FORFAITS   (MTN_Bundles) with message:  failed at 2025-02-17 23:54:09, reason: Expired .Please check your balance or contact system admin for more information. Financial Transaction Id: 11609808567. External Transaction Id: 7508453601864689974.",SMS
2025-02-17,23:55:02,Received,MobileMoney,MobileMoney,Current balance: 214 FCFA ; Available balance: 214 FCFA ; Airtime  balance: 11 FCFA ; MTN MoMo Gift Balance: 0.,SMS
2025-02-17,23:56:54,Received,MobileMoney,MobileMoney,"Your payment of 200 XAF to MTNC BUNDLES_FORFAITS with token  has failed at 2025-02-17 23:56:52, reason: -. Message: -. Financial Transaction Id: 11609814364. External Transaction Id: 11609814364.",SMS
2025-02-18,00:01:30,Received,MobileMoney,MobileMoney,"Your payment of 200 XAF to MTNC BUNDLES_FORFAITS has been completed at 2025-02-18 00:01:15. Your new balance: 14 XAF. Fee was 0 XAF. Message: -. Transaction Id: 11609827739. Congratulations you are eligible to win one of our 237 VEHICLES. Multiply your chances with any other MoMo Transactions of Min 5,237F. Dial *126#. Remember Cash Out fees are less 25%. Info at 8787 or WhatsApp 650528787",SMS
2025-02-19,19:56:32,Received,MobileMoney,MobileMoney,"A transaction of 25 XAF by CIS BUNDLES (CIS_BUNDLES) on your mobile money account successfully completed at 2025-02-19 19:55:59. The amount was subject to a discount of 0 and coupons worth 0. Message from debit receiver: . Your new balance:19 XAF. Fee was 0 XAF, loyalty fee was 0 and loyalty reward was 0. Financial Transaction Id: 11629754761. External Transaction Id: 13294861698421325. Law of Finance for 2025: Transfer and withdrawal fees include a 0.2% tax on the transaction amount, plus now a fixed fee of 4 FCFA per transaction. More information at 8787.",SMS
2025-02-19,19:56:49,Received,MobileMoney,MobileMoney,You have received 30 XAF from SYLVARIA NGWATEH ANTIA (237683399650) on your mobile money account at 2025-02-19 19:53:12. Message from sender: 1. Your new balance:44 XAF. Financial Transaction Id: 11629718327.,SMS
2025-03-04,10:36:57,Received,MobileMoney,MobileMoney,"Hello, the transaction with amount 25 XAF for CIS BUNDLES (CIS_BUNDLES) with message:  failed at 2025-03-04 10:36:55, reason: Expired .Please check your balance or contact system admin for more information. Financial Transaction Id: 11767164162. External Transaction Id: 14464334808203216.",SMS
2025-03-04,10:38:37,Received,MobileMoney,MobileMoney,Current balance: 19 FCFA ; Available balance: 19 FCFA ; Airtime  balance: 11 FCFA ; MTN MoMo Gift Balance: 0.,SMS
2025-03-13,00:02:01,Received,MobileMoney,MobileMoney,"A transaction of 25 XAF by CIS BUNDLES (CIS_BUNDLES) on your mobile money account successfully completed at 2025-03-13 00:01:59. The amount was subject to a discount of 0 and coupons worth 0. Message from debit receiver: . Your new balance:994 XAF. Fee was 0 XAF, loyalty fee was 0 and loyalty reward was 0. Financial Transaction Id: 11864924725. External Transaction Id: 15287454089606010. Law of Finance for 2025: Transfer and withdrawal fees include a 0.2% tax on the transaction amount, plus now a fixed fee of 4 FCFA per transaction. More information at 8787.",SMS
2025-03-13,00:36:10,Received,MobileMoney,MobileMoney,"Your payment of 200 XAF to MTNC BUNDLES_FORFAITS has been completed at 2025-03-13 00:35:54. Your new balance: 794 XAF. Fee was 0 XAF. Message: -. Transaction Id: 11865048594. Congratulations you are eligible to win one of our 237 VEHICLES. Multiply your chances with any other MoMo Transactions of Min 5,237F. Dial *126#. Remember Cash Out fees are less 25%. Info at 8787 or WhatsApp 650528787",SMS
2025-03-13,07:18:05,Received,MobileMoney,MobileMoney,"A transaction of 500 XAF by MTNC BUNDLES_FORFAITS   (MTN_Bundles) on your mobile money account successfully completed at 2025-03-13 07:17:35. The amount was subject to a discount of 0 and coupons worth 0. Message from debit receiver: . Your new balance:294 XAF. Fee was 0 XAF, loyalty fee was 0 and loyalty reward was 0. Financial Transaction Id: 11865832523. External Transaction Id: 1234582813207970169. Law of Finance for 2025: Transfer and withdrawal fees include a 0.2% tax on the transaction amount, plus now a fixed fee of 4 FCFA per transaction. More information at 8787.",SMS
2025-03-13,07:21:16,Received,MobileMoney,MobileMoney,Current balance: 294 FCFA ; Available balance: 294 FCFA ; Airtime  balance: 11 FCFA ; MTN MoMo Gift Balance: 0.,SMS
2025-03-14,08:58:39,Received,MobileMoney,MobileMoney,"A transaction of 25 XAF by CIS BUNDLES (CIS_BUNDLES) on your mobile money account successfully completed at 2025-03-14 08:58:28. The amount was subject to a discount of 0 and coupons worth 0. Message from debit receiver: . Your new balance:269 XAF. Fee was 0 XAF, loyalty fee was 0 and loyalty reward was 0. Financial Transaction Id: 11877350550. External Transaction Id: 14876791064095765. Law of Finance for 2025: Transfer and withdrawal fees include a 0.2% tax on the transaction amount, plus now a fixed fee of 4 FCFA per transaction. More information at 8787.",SMS
2025-04-16,21:23:33,Received,MobileMoney,MobileMoney,An adjustment has been made and 100 XAF has been added to your mobile money account 101390378 at 2025-04-16 21:23:30. Message: MOMO GIFT CAMPAIGN. Your new balance: 344 XAF. Financial Transaction Id: 12249173577.,SMS
2025-05-16,22:56:31,Received,MobileMoney,MobileMoney,An adjustment has been made and 100 XAF has been withdrawn from your mobile money account 101390378 at 2025-05-16 22:56:28. Your new balance: 244 XAF. Message: MOMO GIFT CAMPAIGN RECOVERY. Financial Transaction Id: 12590173454.,SMS
2025-05-24,06:23:45,Received,MobileMoney,MobileMoney,"A transaction of 215 XAF by MTNC BUNDLES_FORFAITS   (MTN_Bundles) on your mobile money account successfully completed at 2025-05-24 06:23:38. The amount was subject to a discount of 0 and coupons worth 0. Message from debit receiver: . Your new balance:29 XAF. Fee was 0 XAF, loyalty fee was 0 and loyalty reward was 0. Financial Transaction Id: 12669644606. External Transaction Id: 5110681066953288276. Subscribe to MoMo Helep with *126*61# and complete your transactions: even without money, initiate your payments and transfers, and MoMo will cover the remaining amount.",SMS
2025-06-02,17:07:08,Received,MobileMoney,MobileMoney,You have received 15000 XAF from ANNE MARILYNE NGO PAKI (237678300636) on your mobile money account at 2025-06-02 17:07:07. Message from sender: 1. Your new balance:15029 XAF. Financial Transaction Id: 12780948040.,SMS
2025-06-10,12:57:48,Received,MobileMoney,MobileMoney,"You have received 1000 XAF of LEONEL NGANDE ELIMPE EMPIRE (237677336012 ) on your Mobile Money 2025-06-10 12:57:46 account. Message from the sender: . Your new balance is 16029 XAF. Fee Paid: 0 XAF. Transaction ID: 12867699659. Subscribe to MoMo Helep with *126*61# and complete your transactions: even without money, initiate your payments and transfers, and MoMo will cover the remaining amount.",SMS
2025-06-11,11:22:04,Received,MobileMoney,MobileMoney,Current balance: 16029 FCFA ; Available balance: 16029 FCFA ; Airtime  balance: 11 FCFA ; MTN MoMo Gift Balance: 0.,SMS
2025-06-11,11:48:56,Received,MobileMoney,MobileMoney,"A transaction of 1709 XAF by TAKWID GROUP   (237651100488) on your mobile money account successfully completed at 2025-06-11 11:48:55. The amount was subject to a discount of 0 and coupons worth 0. Message from debit receiver: CamPay. Your new balance:14320 XAF. Fee was 0 XAF, loyalty fee was 0 and loyalty reward was 0. Financial Transaction Id: 12878352606. External Transaction Id: P250611D2543PU. Subscribe to MoMo Helep with *126*61# and complete your transactions: even without money, initiate your payments and transfers, and MoMo will cover the remaining amount.",SMS
2025-06-11,18:19:15,Received,MobileMoney,MobileMoney,"You have transferred 1500 XAF to SYLVARIA NGWATEH ANTIA (237683399650) from your mobile money account 101390378 at 2025-06-11 18:19:15 FEES 54 FCFA. Your new balance: 12093 XAF. Message from sender: . Message to receiver: . Financial Transaction Id: 12882674607. Subscribe to MoMo Helep with *126*61# and complete your transactions: even without money, initiate your payments and transfers, and MoMo will cover the remaining amount.",SMS
2025-06-14,09:43:44,Received,MobileMoney,MobileMoney,"You FIDELE KENMOGNE (237680291718) have via agent: MBALEU ATEBA BERNARD Ers Shalomes Services (237651470611), withdrawn 11500 XAF from your mobile money account: 101390378 at 2025-06-14 09:43:35 and you can now collect your money in cash. Your new balance: 417 XAF. Fee paid: 176 XAF. Message from agent: BUNDLE_OUT:NULL. Financial Transaction Id: 12910635714. Subscribe to MoMo Helep with *126*61# and complete your transactions: even without money, initiate your payments and transfers, and MoMo will cover the remaining amount.",SMS
2025-06-30,07:52:40,Received,MobileMoney,MobileMoney,"Hello, the transaction with amount 500 XAF for MTNC BUNDLES_FORFAITS   (MTN_Bundles) with message:  failed at 2025-06-30 07:50:58, reason: Expired .Please check your balance or contact system admin for more information. Financial Transaction Id: 13088054023. External Transaction Id: 3169640690042940125.",SMS
2025-06-30,08:21:16,Received,MobileMoney,MobileMoney,Current balance: 118 FCFA ; Available balance: 118 FCFA ; Airtime  balance: 11 FCFA ; MTN MoMo Gift Balance: 0.,SMS
2025-06-30,08:24:20,Received,MobileMoney,MobileMoney,"A transaction of 25 XAF by CIS BUNDLES (CIS_BUNDLES) on your mobile money account successfully completed at 2025-06-30 08:24:16. The amount was subject to a discount of 0 and coupons worth 0. Message from debit receiver: . Your new balance:93 XAF. Fee was 0 XAF, loyalty fee was 0 and loyalty reward was 0. Financial Transaction Id: 13088383332. External Transaction Id: 24571760671758581. Subscribe to MoMo Helep with *126*61# and complete your transactions: even without money, initiate your payments and transfers, and MoMo will cover the remaining amount.",SMS
2025-07-04,00:44:38,Received,MobileMoney,MobileMoney,"Hello, the transaction with amount 25 XAF for CIS BUNDLES (CIS_BUNDLES) with message:  failed at 2025-07-04 00:10:45, reason: Expired .Please check your balance or contact system admin for more information. Financial Transaction Id: 13088356278. External Transaction Id: 24571608355453471.",SMS
2025-07-04,00:45:09,Received,MobileMoney,MobileMoney,"Hello, the transaction with amount 25 XAF for CIS BUNDLES (CIS_BUNDLES) with message:  failed at 2025-07-04 00:09:27, reason: Expired .Please check your balance or contact system admin for more information. Financial Transaction Id: 13088018073. External Transaction Id: 24048815128925157.",SMS
2025-07-04,06:18:59,Received,MobileMoney,MobileMoney,You have received 26000 XAF from OLIVIER CALVIN NGOGEO KANA (237678223408) on your mobile money account at 2025-07-04 06:14:00. Message from sender: 1. Your new balance:26093 XAF. Financial Transaction Id: 13132642882.,SMS
2025-07-04,14:11:13,Received,MobileMoney,MobileMoney,"You have withdrawn 15000 XAF from your mobile money account at NDJELI BEYALA epouse KOUGOUE NATACHA on 2025-07-04 14:11:00. Your new balance:10864 XAF. Financial Transaction Id: 13137475757. Subscribe to MoMo Helep with *126*61# and complete your transactions: even without money, initiate your payments and transfers, and MoMo will cover the remaining amount.",SMS
2025-07-04,15:42:51,Received,MobileMoney,MobileMoney,"You have withdrawn 10000 XAF from your mobile money account at MIRABELLE KODJO FOPA on 2025-07-04 15:42:41. Your new balance:710 XAF. Financial Transaction Id: 13138499001. Subscribe to MoMo Helep with *126*61# and complete your transactions: even without money, initiate your payments and transfers, and MoMo will cover the remaining amount.",SMS
2025-07-17,00:12:21,Received,MobileMoney,MobileMoney,"Hello, the transaction with amount 25 XAF for CIS BUNDLES (CIS_BUNDLES) with message:  failed at 2025-07-17 00:09:10, reason: Expired .Please check your balance or contact system admin for more information. Financial Transaction Id: 13233799460. External Transaction Id: 25693636024667951.",SMS
2025-07-19,06:39:45,Received,MobileMoney,MobileMoney,"A transaction of 215 XAF by MTNC BUNDLES_FORFAITS   (MTN_Bundles) on your mobile money account successfully completed at 2025-07-19 06:39:34. The amount was subject to a discount of 0 and coupons worth 0. Message from debit receiver: . Your new balance:495 XAF. Fee was 0 XAF, loyalty fee was 0 and loyalty reward was 0. Financial Transaction Id: 13301863547. External Transaction Id: 2115874404866788146. Subscribe to MoMo Helep with *126*61# and complete your transactions: even without money, initiate your payments and transfers, and MoMo will cover the remaining amount.",SMS
2025-07-19,06:57:39,Received,MobileMoney,MobileMoney,"Hello, the transaction with amount 500 XAF for MTNC BUNDLES_FORFAITS   (MTN_Bundles) with message:  failed at 2025-07-19 06:57:27, reason: Expired .Please check your balance or contact system admin for more information. Financial Transaction Id: 13301969661. External Transaction Id: 604243714705181266.",SMS
2025-07-19,06:59:06,Received,MobileMoney,MobileMoney,"A transaction of 299 XAF by MTNC BUNDLES_FORFAITS   (MTN_Bundles) on your mobile money account successfully completed at 2025-07-19 06:58:55. The amount was subject to a discount of 0 and coupons worth 0. Message from debit receiver: . Your new balance:196 XAF. Fee was 0 XAF, loyalty fee was 0 and loyalty reward was 0. Financial Transaction Id: 13301976693. External Transaction Id: 850895063808899054. Subscribe to MoMo Helep with *126*61# and complete your transactions: even without money, initiate your payments and transfers, and MoMo will cover the remaining amount.",SMS
2025-07-31,09:31:06,Received,MobileMoney,MobileMoney,Current balance: 196 FCFA ; Available balance: 196 FCFA ; Airtime  balance: 11 FCFA ; MTN MoMo Gift Balance: 0.,SMS
2025-08-02,23:36:21,Received,MobileMoney,MobileMoney,Current balance: 196 FCFA ; Available balance: 196 FCFA ; Airtime  balance: 11 FCFA ; MTN MoMo Gift Balance: 0.,SMS
2025-08-03,16:06:28,Received,MobileMoney,MobileMoney,"A transaction of 25 XAF by CIS BUNDLES (CIS_BUNDLES) on your mobile money account successfully completed at 2025-08-03 16:06:27. The amount was subject to a discount of 0 and coupons worth 0. Message from debit receiver: . Your new balance:171 XAF. Fee was 0 XAF, loyalty fee was 0 and loyalty reward was 0. Financial Transaction Id: 13479443943. External Transaction Id: 27013429436195823. Subscribe to MoMo Helep with *126*61# and complete your transactions: even without money, initiate your payments and transfers, and MoMo will cover the remaining amount.",SMS
2025-08-04,00:22:32,Received,MobileMoney,MobileMoney,"Hello, the transaction with amount 25 XAF for CIS BUNDLES (CIS_BUNDLES) with message:  failed at 2025-08-04 00:22:30, reason: Expired .Please check your balance or contact system admin for more information. Financial Transaction Id: 13440259386. External Transaction Id: 27254377518311501.",SMS
2025-09-13,16:03:10,Received,MobileMoney,MobileMoney,You have received 2600 XAF from Gilbert Birka Ngoran (237653828738) on your mobile money account at 2025-09-13 16:03:06. Message from sender: 1. Your new balance:2771 XAF. Financial Transaction Id: 13954556943.,SMS
2025-09-14,08:43:31,Received,MobileMoney,MobileMoney,You have received 1200 XAF from CHELSIE AZOH TIMAH (237679363927) on your mobile money account at 2025-09-14 08:43:27. Message from sender: 1. Your new balance:3971 XAF. Financial Transaction Id: 13961191181.,SMS
2025-09-14,10:11:47,Received,MobileMoney,MobileMoney,"You have transferred 1000 XAF to GERMAINE LAURE NDONGUE YONTI EPSE TIOTSE (237678207690) from your mobile money account 101390378 at 2025-09-14 10:11:43 FEES 54 FCFA. Your new balance: 2917 XAF. Message from sender: . Message to receiver: . Financial Transaction Id: 13962248526. Save Big with 1 per cent on cash out fees + Zero fees on transfers. Plus, a chance to win 250F. Go To https://bit.ly/NewMoMoApp to download.",SMS
2025-09-16,20:37:33,Received,MobileMoney,MobileMoney,"You have received 1000 XAF of pierre tetsajio magnimeza (237674275060 PIERRE TETSAJIO MAGNIMEZA) on your Mobile Money 2025-09-16 20:19:02 account. Message from the sender: . Your new balance is 3917 XAF. Fee Paid: 0 XAF. Transaction ID: 13994737306. Save Big with 1 per cent on cash out fees + Zero fees on transfers. Plus, a chance to win 250F. Go To https://bit.ly/NewMoMoApp to download.",SMS
2025-09-17,19:19:08,Received,MobileMoney,MobileMoney,"You have transferred 1000 XAF to ruth tsamene selabi (237682205560) from your mobile money account 101390378 at 2025-09-17 19:19:06 FEES 54 FCFA. Your new balance: 2863 XAF. Message from sender: . Message to receiver: . Financial Transaction Id: 14005224012. Save Big with 1 per cent on cash out fees + Zero fees on transfers. Plus, a chance to win 250F. Go To https://bit.ly/NewMoMoApp to download.",SMS
2025-09-19,13:23:14,Received,MobileMoney,MobileMoney,"A transaction of 25 XAF by CIS BUNDLES (CIS_BUNDLES) on your mobile money account successfully completed at 2025-09-19 13:23:10. The amount was subject to a discount of 0 and coupons worth 0. Message from debit receiver: . Your new balance:2838 XAF. Fee was 0 XAF, loyalty fee was 0 and loyalty reward was 0. Financial Transaction Id: 14023926501. External Transaction Id: 31749428273872621. School scholarships for a stress-free back-to-school with MoMo ! Make payments of minimum 5,237 F and stand a chance to win up to 100,000 F each week. More info at 8787 or on WhatsApp: 650 528 787.",SMS
2025-09-21,09:32:37,Received,MobileMoney,MobileMoney,"You have withdrawn 2500 XAF from your mobile money account at GLADYS FONYU NFORMI on 2025-09-21 09:32:28. Your new balance:284 XAF. Financial Transaction Id: 14045536029. Save Big with 1 per cent on cash out fees + Zero fees on transfers. Plus, a chance to win 250F. Go To https://bit.ly/NewMoMoApp to download.",SMS
2025-10-14,09:00:14,Received,MobileMoney,MobileMoney,"A transaction of 50 XAF by MTNC BUNDLES_FORFAITS   (MTN_Bundles) on your mobile money account successfully completed at 2025-10-14 09:00:06. The amount was subject to a discount of 0 and coupons worth 0. Message from debit receiver: . Your new balance:234 XAF. Fee was 0 XAF, loyalty fee was 0 and loyalty reward was 0. Financial Transaction Id: 14320535082. External Transaction Id: 5559143248834378548. School scholarships for a stress-free back-to-school with MoMo ! Make payments of minimum 5,237 F and stand a chance to win up to 100,000 F each week. More info at 8787 or on WhatsApp: 650 528 787.",SMS
2025-10-14,23:28:19,Received,MobileMoney,MobileMoney,"A transaction of 50 XAF by MTNC BUNDLES_FORFAITS   (MTN_Bundles) on your mobile money account successfully completed at 2025-10-14 23:28:10. The amount was subject to a discount of 0 and coupons worth 0. Message from debit receiver: . Your new balance:184 XAF. Fee was 0 XAF, loyalty fee was 0 and loyalty reward was 0. Financial Transaction Id: 14330230190. External Transaction Id: 5976101211376342404. School scholarships for a stress-free back-to-school with MoMo ! Make payments of minimum 5,237 F and stand a chance to win up to 100,000 F each week. More info at 8787 or on WhatsApp: 650 528 787.",SMS
2025-10-15,06:53:25,Received,MobileMoney,MobileMoney,"A transaction of 50 XAF by MTNC BUNDLES_FORFAITS   (MTN_Bundles) on your mobile money account successfully completed at 2025-10-15 06:52:51. The amount was subject to a discount of 0 and coupons worth 0. Message from debit receiver: . Your new balance:134 XAF. Fee was 0 XAF, loyalty fee was 0 and loyalty reward was 0. Financial Transaction Id: 14330968935. External Transaction Id: 3591273959502982209. School scholarships for a stress-free back-to-school with MoMo ! Make payments of minimum 5,237 F and stand a chance to win up to 100,000 F each week. More info at 8787 or on WhatsApp: 650 528 787.",SMS
2025-10-23,14:37:30,Received,MobileMoney,MobileMoney,"A transaction of 50 XAF by MTNC BUNDLES_FORFAITS   (MTN_Bundles) on your mobile money account successfully completed at 2025-10-23 14:37:20. The amount was subject to a discount of 0 and coupons worth 0. Message from debit receiver: . Your new balance:84 XAF. Fee was 0 XAF, loyalty fee was 0 and loyalty reward was 0. Financial Transaction Id: 14432403754. External Transaction Id: 6874092517914021542. School scholarships for a stress-free back-to-school with MoMo ! Make payments of minimum 5,237 F and stand a chance to win up to 100,000 F each week. More info at 8787 or on WhatsApp: 650 528 787.",SMS
2025-10-23,15:23:32,Received,MobileMoney,MobileMoney,"A transaction of 50 XAF by MTNC BUNDLES_FORFAITS   (MTN_Bundles) on your mobile money account successfully completed at 2025-10-23 15:23:23. The amount was subject to a discount of 0 and coupons worth 0. Message from debit receiver: . Your new balance:34 XAF. Fee was 0 XAF, loyalty fee was 0 and loyalty reward was 0. Financial Transaction Id: 14432868651. External Transaction Id: 518903185687809782. School scholarships for a stress-free back-to-school with MoMo ! Make payments of minimum 5,237 F and stand a chance to win up to 100,000 F each week. More info at 8787 or on WhatsApp: 650 528 787.",SMS
2025-11-24,20:08:42,Received,MobileMoney,MobileMoney,An adjustment has been made and 100 XAF has been added to your mobile money account 101390378 at 2025-11-24 20:08:40. Message: MOMO GIFT CAMPAIGN. Your new balance: 134 XAF. Financial Transaction Id: 14828427663.,SMS
2025-12-11,12:26:08,Received,MobileMoney,MobileMoney,You have received 40000 XAF from OLIVIER CALVIN NGOGEO KANA (237678223408) on your mobile money account at 2025-12-11 12:10:22. Message from sender: 1. Your new balance:40134 XAF. Financial Transaction Id: 15039176480.,SMS
2025-12-12,19:34:40,Received,MobileMoney,MobileMoney,"A transaction of 150 XAF by MTNC BUNDLES_FORFAITS   (MTN_Bundles) on your mobile money account successfully completed at 2025-12-12 19:34:23. The amount was subject to a discount of 0 and coupons worth 0. Message from debit receiver: . Your new balance:39984 XAF. Fee was 0 XAF, loyalty fee was 0 and loyalty reward was 0. Financial Transaction Id: 15057984747. External Transaction Id: 2025715261777023723. 237,000 SUPER PRIZES to win by making your MoMo transactions starting from 5237F. Transfers, payments, withdrawals... etc. Try your luck on *126# or on bit.ly/MyMoMo1 to enjoy UNBEATABLE RATES: 0 FCFA on your transfers and 1% on your withdrawals. Info: 8787 or 650528787",SMS
2025-12-12,20:01:11,Received,MobileMoney,MobileMoney,"You have withdrawn 39000 XAF from your mobile money account at AVODO MVOGO CHARLES DESTIN on 2025-12-12 20:01:03. Your new balance:395 XAF. Financial Transaction Id: 15058412819. 237,000 SUPER PRIZES to win by making your MoMo transactions starting from 5237F. Transfers, payments, withdrawals... etc. Try your luck on *126# or on bit.ly/MyMoMo1 to enjoy UNBEATABLE RATES: 0 FCFA on your transfers and 1% on your withdrawals. Info: 8787 or 650528787",SMS
2025-12-12,20:01:12,Received,MobileMoney,MobileMoney,"Assh! Momo pays cash! You've just earned 1024MB bonus and some points. Dial *237*2# before 11:59pm to activate your bonus . More, you are on the list to WIN a big Priz of the week",SMS
2025-12-14,22:43:08,Received,MobileMoney,MobileMoney,You have received 1050 XAF from SYLVARIA NGWATEH ANTIA (237683399650) on your mobile money account at 2025-12-14 22:34:45. Message from sender: 1. Your new balance:1445 XAF. Financial Transaction Id: 15086419610.,SMS
2025-12-17,10:54:17,Received,MobileMoney,MobileMoney,"You have withdrawn 1000 XAF from your mobile money account at  on 2025-12-17 10:54:08. Your new balance:391 XAF. Financial Transaction Id: 15117580714. 237,000 SUPER PRIZES to win by making your MoMo transactions starting from 5237F. Transfers, payments, withdrawals... etc. Try your luck on *126# or on bit.ly/MyMoMo1 to enjoy UNBEATABLE RATES: 0 FCFA on your transfers and 1% on your withdrawals. Info: 8787 or 650528787",SMS
2025-12-19,19:34:22,Received,MobileMoney,MobileMoney,"You have received 1000 XAF of ABDOURAMAN ABBA PASCAL SARL (237681678387 ) on your Mobile Money 2025-12-19 19:34:21 account. Message from the sender: . Your new balance is 1391 XAF. Fee Paid: 0 XAF. Transaction ID: 15151415906. 237,000 SUPER PRIZES to win by making your MoMo transactions starting from 5237,000F. Transfers, payments, withdrawals... etc. Try your luck on *126# or on bit.ly/MyMoMo1 to enjoy UNBEATABLE RATES: 0 FCFA on your transfers and 1% on your withdrawals. Info: 8787 or 650528787",SMS
2025-12-19,19:40:23,Received,MobileMoney,MobileMoney,"You have transferred 1054 XAF to LOIC DIVINE YEMELI TANE (237676985212) from your mobile money account 101390378 at 2025-12-19 19:40:22 FEES 54 FCFA. Your new balance: 283 XAF. Message from sender: . Message to receiver: . Financial Transaction Id: 15151517214. 237,000 SUPER PRIZES to win by making your MoMo transactions starting from 5237F. Transfers, payments, withdrawals... etc. Try your luck on *126# or on bit.ly/MyMoMo1 to enjoy UNBEATABLE RATES: 0 FCFA on your transfers and 1% on your withdrawals. Info: 8787 or 650528787",SMS
2025-12-19,20:00:03,Received,MobileMoney,MobileMoney,"A transaction of 100 XAF by MTNC BUNDLES_FORFAITS   (MTN_Bundles) on your mobile money account successfully completed at 2025-12-19 20:00:01. The amount was subject to a discount of 0 and coupons worth 0. Message from debit receiver: . Your new balance:183 XAF. Fee was 0 XAF, loyalty fee was 0 and loyalty reward was 0. Financial Transaction Id: 15151843308. External Transaction Id: 6233142892139815036. 237,000 SUPER PRIZES to win by making your MoMo transactions starting from 5237F. Transfers, payments, withdrawals... etc. Try your luck on *126# or on bit.ly/MyMoMo1 to enjoy UNBEATABLE RATES: 0 FCFA on your transfers and 1% on your withdrawals. Info: 8787 or 650528787",SMS
2025-12-23,09:42:38,Received,MobileMoney,MobileMoney,"A transaction of 25 XAF by CIS BUNDLES (CIS_BUNDLES) on your mobile money account successfully completed at 2025-12-23 09:42:29. The amount was subject to a discount of 0 and coupons worth 0. Message from debit receiver: . Your new balance:158 XAF. Fee was 0 XAF, loyalty fee was 0 and loyalty reward was 0. Financial Transaction Id: 15199205664. External Transaction Id: 39416874474608801. 237,000 SUPER PRIZES to win by making your MoMo transactions starting from 5237F. Transfers, payments, withdrawals... etc. Try your luck on *126# or on bit.ly/MyMoMo1 to enjoy UNBEATABLE RATES: 0 FCFA on your transfers and 1% on your withdrawals. Info: 8787 or 650528787",SMS
2025-12-27,00:25:08,Received,MobileMoney,MobileMoney,"Hello, the transaction with amount 25 XAF for CIS BUNDLES (CIS_BUNDLES) with message:  failed at 2025-12-27 00:25:03, reason: Expired .Please check your balance or contact system admin for more information. Financial Transaction Id: 15199156706. External Transaction Id: 39258999355709148.",SMS
2026-01-15,16:20:10,Received,MobileMoney,MobileMoney,"A transaction of 25 XAF by CIS BUNDLES (CIS_BUNDLES) on your mobile money account successfully completed at 2026-01-15 16:20:02. The amount was subject to a discount of 0 and coupons worth 0. Message from debit receiver: . Your new balance:133 XAF. Fee was 0 XAF, loyalty fee was 0 and loyalty reward was 0. Financial Transaction Id: 15506841893. External Transaction Id: 41447630468497997. 237,000 SUPER PRIZES to win by making your MoMo transactions starting from 5237F. Transfers, payments, withdrawals... etc. Try your luck on *126# or on bit.ly/MyMoMo1 to enjoy UNBEATABLE RATES: 0 FCFA on your transfers and 1% on your withdrawals. Info: 8787 or 650528787",SMS
2026-01-19,13:41:57,Received,MobileMoney,MobileMoney,You have received 1000 XAF from OLIVIER CALVIN NGOGEO KANA (237678223408) on your mobile money account at 2026-01-19 13:41:55. Message from sender: 1. Your new balance:1133 XAF. Financial Transaction Id: 15555680662.,SMS
2026-01-19,13:43:20,Received,MobileMoney,MobileMoney,"A transaction of 500 XAF by MTNC BUNDLES_FORFAITS   (MTN_Bundles) on your mobile money account successfully completed at 2026-01-19 13:43:18. The amount was subject to a discount of 0 and coupons worth 0. Message from debit receiver: . Your new balance:633 XAF. Fee was 0 XAF, loyalty fee was 0 and loyalty reward was 0. Financial Transaction Id: 15555691884. External Transaction Id: 820508693172341790. 237,000 SUPER PRIZES to win by making your MoMo transactions starting from 5237F. Transfers, payments, withdrawals... etc. Try your luck on *126# or on bit.ly/MyMoMo1 to enjoy UNBEATABLE RATES: 0 FCFA on your transfers and 1% on your withdrawals. Info: 8787 or 650528787",SMS
2026-01-20,06:39:21,Received,MobileMoney,MobileMoney,"A transaction of 500 XAF by MTNC BUNDLES_FORFAITS   (MTN_Bundles) on your mobile money account successfully completed at 2026-01-20 06:39:18. The amount was subject to a discount of 0 and coupons worth 0. Message from debit receiver: . Your new balance:133 XAF. Fee was 0 XAF, loyalty fee was 0 and loyalty reward was 0. Financial Transaction Id: 15563424369. External Transaction Id: 2317358089974119140. 237,000 SUPER PRIZES to win by making your MoMo transactions starting from 5237F. Transfers, payments, withdrawals... etc. Try your luck on *126# or on bit.ly/MyMoMo1 to enjoy UNBEATABLE RATES: 0 FCFA on your transfers and 1% on your withdrawals. Info: 8787 or 650528787",SMS
2026-01-20,16:04:05,Received,MobileMoney,MobileMoney,"A transaction of 25 XAF by CIS BUNDLES (CIS_BUNDLES) on your mobile money account successfully completed at 2026-01-20 16:03:53. The amount was subject to a discount of 0 and coupons worth 0. Message from debit receiver: . Your new balance:108 XAF. Fee was 0 XAF, loyalty fee was 0 and loyalty reward was 0. Financial Transaction Id: 15569898582. External Transaction Id: 41704256043441264. 237,000 SUPER PRIZES to win by making your MoMo transactions starting from 5237F. Transfers, payments, withdrawals... etc. Try your luck on *126# or on bit.ly/MyMoMo1 to enjoy UNBEATABLE RATES: 0 FCFA on your transfers and 1% on your withdrawals. Info: 8787 or 650528787",SMS
2026-01-20,16:12:15,Received,MobileMoney,MobileMoney,"You have received 1000 XAF of APPOLOS ARNAUD Willy Distribution FDA (237671224016 APPOLOS ARNAUD) on your Mobile Money 2026-01-20 16:12:13 account. Message from the sender: . Your new balance is 1108 XAF. Fee Paid: 0 XAF. Transaction ID: 15570015235. 237,000 SUPER PRIZES to win by making your MoMo transactions starting from 5237,000F. Transfers, payments, withdrawals... etc. Try your luck on *126# or on bit.ly/MyMoMo1 to enjoy UNBEATABLE RATES: 0 FCFA on your transfers and 1% on your withdrawals. Info: 8787 or 650528787",SMS
2026-01-20,16:13:31,Received,MobileMoney,MobileMoney,"A transaction of 500 XAF by MTNC BUNDLES_FORFAITS   (MTN_Bundles) on your mobile money account successfully completed at 2026-01-20 16:13:22. The amount was subject to a discount of 0 and coupons worth 0. Message from debit receiver: . Your new balance:608 XAF. Fee was 0 XAF, loyalty fee was 0 and loyalty reward was 0. Financial Transaction Id: 15570025258. External Transaction Id: 2383237611799398277. 237,000 SUPER PRIZES to win by making your MoMo transactions starting from 5237F. Transfers, payments, withdrawals... etc. Try your luck on *126# or on bit.ly/MyMoMo1 to enjoy UNBEATABLE RATES: 0 FCFA on your transfers and 1% on your withdrawals. Info: 8787 or 650528787",SMS
2026-01-20,16:30:00,Received,MobileMoney,MobileMoney,"A transaction of 500 XAF by MTNC BUNDLES_FORFAITS   (MTN_Bundles) on your mobile money account successfully completed at 2026-01-20 16:29:42. The amount was subject to a discount of 0 and coupons worth 0. Message from debit receiver: . Your new balance:108 XAF. Fee was 0 XAF, loyalty fee was 0 and loyalty reward was 0. Financial Transaction Id: 15570253492. External Transaction Id: 2600516196174398498. 237,000 SUPER PRIZES to win by making your MoMo transactions starting from 5237F. Transfers, payments, withdrawals... etc. Try your luck on *126# or on bit.ly/MyMoMo1 to enjoy UNBEATABLE RATES: 0 FCFA on your transfers and 1% on your withdrawals. Info: 8787 or 650528787",SMS
2026-01-23,05:35:50,Received,MobileMoney,MobileMoney,Current balance: 108 FCFA ; Available balance: 108 FCFA ; Airtime  balance: 0 FCFA ; MTN MoMo Gift Balance: 0.,SMS
2026-01-24,19:25:41,Received,MobileMoney,MobileMoney,You have received 500 XAF from Gilbert Birka Ngoran (237653828738) on your mobile money account at 2026-01-24 19:25:26. Message from sender: . Your new balance:608 XAF. Financial Transaction Id: 15624189783.,SMS
2026-02-01,14:05:18,Received,MobileMoney,MobileMoney,"A transaction of 25 XAF by CIS BUNDLES (CIS_BUNDLES) on your mobile money account successfully completed at 2026-02-01 14:05:12. The amount was subject to a discount of 0 and coupons worth 0. Message from debit receiver: . Your new balance:583 XAF. Fee was 0 XAF, loyalty fee was 0 and loyalty reward was 0. Financial Transaction Id: 15728283463. External Transaction Id: 42730957653611869. 237,000 SUPER PRIZES to win by making your MoMo transactions starting from 5237F. Transfers, payments, withdrawals... etc. Try your luck on *126# or on bit.ly/MyMoMo1 to enjoy UNBEATABLE RATES: 0 FCFA on your transfers and 1% on your withdrawals. Info: 8787 or 650528787",SMS
2026-02-01,15:04:09,Received,MobileMoney,MobileMoney,"A transaction of 500 XAF by MTNC BUNDLES_FORFAITS   (MTN_Bundles) on your mobile money account successfully completed at 2026-02-01 15:03:57. The amount was subject to a discount of 0 and coupons worth 0. Message from debit receiver: . Your new balance:83 XAF. Fee was 0 XAF, loyalty fee was 0 and loyalty reward was 0. Financial Transaction Id: 15729109092. External Transaction Id: 3219359273263696026. 237,000 SUPER PRIZES to win by making your MoMo transactions starting from 5237F. Transfers, payments, withdrawals... etc. Try your luck on *126# or on bit.ly/MyMoMo1 to enjoy UNBEATABLE RATES: 0 FCFA on your transfers and 1% on your withdrawals. Info: 8787 or 650528787",SMS
2026-02-12,09:46:53,Received,MobileMoney,MobileMoney,"A transaction of 25 XAF by CIS BUNDLES (CIS_BUNDLES) on your mobile money account successfully completed at 2026-02-12 09:46:46. The amount was subject to a discount of 0 and coupons worth 0. Message from debit receiver: . Your new balance:58 XAF. Fee was 0 XAF, loyalty fee was 0 and loyalty reward was 0. Financial Transaction Id: 15871713137. External Transaction Id: 43665850165612952. 237,000 SUPER PRIZES to win by making your MoMo transactions starting from 5237F. Transfers, payments, withdrawals... etc. Try your luck on *126# or on bit.ly/MyMoMo1 to enjoy UNBEATABLE RATES: 0 FCFA on your transfers and 1% on your withdrawals. Info: 8787 or 650528787",SMS
2026-02-12,16:11:00,Received,MobileMoney,MobileMoney,"You have received 500 XAF of MANDOU MFOMBAM AMINATOU PASCAL SARL (237682607791 AMINATOU MANDOU MFOMBAM) on your Mobile Money 2026-02-12 16:10:59 account. Message from the sender: . Your new balance is 558 XAF. Fee Paid: 0 XAF. Transaction ID: 15876584172. 237,000 SUPER PRIZES to win by making your MoMo transactions starting from 5237,000F. Transfers, payments, withdrawals... etc. Try your luck on *126# or on bit.ly/MyMoMo1 to enjoy UNBEATABLE RATES: 0 FCFA on your transfers and 1% on your withdrawals. Info: 8787 or 650528787",SMS
2026-02-12,16:32:35,Received,MobileMoney,MobileMoney,"A transaction of 500 XAF by MTNC BUNDLES_FORFAITS   (MTN_Bundles) on your mobile money account successfully completed at 2026-02-12 16:32:26. The amount was subject to a discount of 0 and coupons worth 0. Message from debit receiver: . Your new balance:58 XAF. Fee was 0 XAF, loyalty fee was 0 and loyalty reward was 0. Financial Transaction Id: 15876905281. External Transaction Id: 8057872621197509323. 237,000 SUPER PRIZES to win by making your MoMo transactions starting from 5237F. Transfers, payments, withdrawals... etc. Try your luck on *126# or on bit.ly/MyMoMo1 to enjoy UNBEATABLE RATES: 0 FCFA on your transfers and 1% on your withdrawals. Info: 8787 or 650528787",SMS
2026-02-13,13:46:11,Received,MobileMoney,MobileMoney,You have received 9000 XAF from OLIVIER CALVIN NGOGEO KANA (237678223408) on your mobile money account at 2026-02-13 13:38:06. Message from sender: 1. Your new balance:9058 XAF. Financial Transaction Id: 15888177266.,SMS
2026-02-13,21:19:09,Received,MobileMoney,MobileMoney,"You have withdrawn 8000 XAF from your mobile money account at MELIEDJE NZALLE CHARLENE GLADYS on 2026-02-13 21:19:03. Your new balance:434 XAF. Financial Transaction Id: 15895060697. 237,000 SUPER PRIZES to win by making your MoMo transactions starting from 5237F. Transfers, payments, withdrawals... etc. Try your luck on *126# or on bit.ly/MyMoMo1 to enjoy UNBEATABLE RATES: 0 FCFA on your transfers and 1% on your withdrawals. Info: 8787 or 650528787",SMS
2026-02-13,21:19:10,Received,MobileMoney,MobileMoney,"Assh! Momo pays cash! You've just earned 500F bonus and some points. Dial *237*2# before 11:59pm to activate your bonus . More, you are on the list to WIN a big Priz of the week",SMS
2026-02-14,05:35:14,Received,MobileMoney,MobileMoney,"A transaction of 25 XAF by CIS BUNDLES (CIS_BUNDLES) on your mobile money account successfully completed at 2026-02-14 05:35:09. The amount was subject to a discount of 0 and coupons worth 0. Message from debit receiver: . Your new balance:409 XAF. Fee was 0 XAF, loyalty fee was 0 and loyalty reward was 0. Financial Transaction Id: 15896747121. External Transaction Id: 44428884477250194. 237,000 SUPER PRIZES to win by making your MoMo transactions starting from 5237F. Transfers, payments, withdrawals... etc. Try your luck on *126# or on bit.ly/MyMoMo1 to enjoy UNBEATABLE RATES: 0 FCFA on your transfers and 1% on your withdrawals. Info: 8787 or 650528787",SMS
2026-02-14,05:38:02,Received,MobileMoney,MobileMoney,"A transaction of 215 XAF by MTNC BUNDLES_FORFAITS   (MTN_Bundles) on your mobile money account successfully completed at 2026-02-14 05:37:57. The amount was subject to a discount of 0 and coupons worth 0. Message from debit receiver: . Your new balance:194 XAF. Fee was 0 XAF, loyalty fee was 0 and loyalty reward was 0. Financial Transaction Id: 15896755942. External Transaction Id: 7344159742852555763. 237,000 SUPER PRIZES to win by making your MoMo transactions starting from 5237F. Transfers, payments, withdrawals... etc. Try your luck on *126# or on bit.ly/MyMoMo1 to enjoy UNBEATABLE RATES: 0 FCFA on your transfers and 1% on your withdrawals. Info: 8787 or 650528787",SMS
2026-02-14,20:18:13,Received,MobileMoney,MobileMoney,"A transaction of 150 XAF by MTNC BUNDLES_FORFAITS   (MTN_Bundles) on your mobile money account successfully completed at 2026-02-14 20:18:09. The amount was subject to a discount of 0 and coupons worth 0. Message from debit receiver: . Your new balance:44 XAF. Fee was 0 XAF, loyalty fee was 0 and loyalty reward was 0. Financial Transaction Id: 15908488782. External Transaction Id: 8592394509310265289. 237,000 SUPER PRIZES to win by making your MoMo transactions starting from 5237F. Transfers, payments, withdrawals... etc. Try your luck on *126# or on bit.ly/MyMoMo1 to enjoy UNBEATABLE RATES: 0 FCFA on your transfers and 1% on your withdrawals. Info: 8787 or 650528787",SMS
2026-02-15,12:49:09,Received,MobileMoney,MobileMoney,"You have received 500 XAF of BASSIROU MOHAMADOU (237681929481 BASSIROU MOHAMADOU) on your Mobile Money 2026-02-15 12:48:23 account. Message from the sender: . Your new balance is 544 XAF. Fee Paid: 0 XAF. Transaction ID: 15915595760. 237,000 SUPER PRIZES to win by making your MoMo transactions starting from 5237,000F. Transfers, payments, withdrawals... etc. Try your luck on *126# or on bit.ly/MyMoMo1 to enjoy UNBEATABLE RATES: 0 FCFA on your transfers and 1% on your withdrawals. Info: 8787 or 650528787",SMS
2026-02-15,12:50:03,Received,MobileMoney,MobileMoney,"A transaction of 500 XAF by MTNC BUNDLES_FORFAITS   (MTN_Bundles) on your mobile money account successfully completed at 2026-02-15 12:49:44. The amount was subject to a discount of 0 and coupons worth 0. Message from debit receiver: . Your new balance:44 XAF. Fee was 0 XAF, loyalty fee was 0 and loyalty reward was 0. Financial Transaction Id: 15915610739. External Transaction Id: 4790815774359009219. 237,000 SUPER PRIZES to win by making your MoMo transactions starting from 5237F. Transfers, payments, withdrawals... etc. Try your luck on *126# or on bit.ly/MyMoMo1 to enjoy UNBEATABLE RATES: 0 FCFA on your transfers and 1% on your withdrawals. Info: 8787 or 650528787",SMS
2026-02-16,18:51:57,Received,MobileMoney,MobileMoney,"A transaction of 25 XAF by CIS BUNDLES (CIS_BUNDLES) on your mobile money account successfully completed at 2026-02-16 18:51:52. The amount was subject to a discount of 0 and coupons worth 0. Message from debit receiver: . Your new balance:19 XAF. Fee was 0 XAF, loyalty fee was 0 and loyalty reward was 0. Financial Transaction Id: 15933931979. External Transaction Id: 44569055422774943. 237,000 SUPER PRIZES to win by making your MoMo transactions starting from 5237F. Transfers, payments, withdrawals... etc. Try your luck on *126# or on bit.ly/MyMoMo1 to enjoy UNBEATABLE RATES: 0 FCFA on your transfers and 1% on your withdrawals. Info: 8787 or 650528787",SMS
2026-02-22,23:30:26,Received,MobileMoney,MobileMoney,You have received 100 XAF from BLANCH AKO FORCHIBE (237679603037) on your mobile money account at 2026-02-22 23:30:23. Message from sender: 680291718. Your new balance:119 XAF. Financial Transaction Id: 16017139064.,SMS
2026-03-05,11:09:27,Received,MobileMoney,MobileMoney,You have received 3050 XAF from SYLVARIA NGWATEH ANTIA (237683399650) on your mobile money account at 2026-03-05 11:09:26. Message from sender: . Your new balance:3144 XAF. Financial Transaction Id: 16158550535.,SMS
2026-03-05,14:36:56,Received,MobileMoney,MobileMoney,"You have withdrawn 3000 XAF from your mobile money account at PHILOMENE ESTHER OMENGUE on 2026-03-05 14:36:51. Your new balance:90 XAF. Financial Transaction Id: 16161045898. 237,000 SUPER PRIZES to win by making your MoMo transactions starting from 5237F. Transfers, payments, withdrawals... etc. Try your luck on *126# or on bit.ly/MyMoMo1 to enjoy UNBEATABLE RATES: 0 FCFA on your transfers and 1% on your withdrawals. Info: 8787 or 650528787",SMS
2026-03-11,10:22:46,Received,MobileMoney,MobileMoney,Current balance: 90 FCFA ; Available balance: 90 FCFA ; Airtime  balance: 0 FCFA ; MTN MoMo Gift Balance: 0.,SMS
2026-03-11,12:40:08,Received,MobileMoney,MobileMoney,You have received 45000 XAF from OLIVIER CALVIN NGOGEO KANA (237678223408) on your mobile money account at 2026-03-11 12:00:50. Message from sender: 1. Your new balance:45090 XAF. Financial Transaction Id: 16242326527.,SMS
2026-03-11,19:43:39,Received,MobileMoney,MobileMoney,"You have withdrawn 44000 XAF from your mobile money account at  on 2026-03-11 19:43:31. Your new balance:558 XAF. Financial Transaction Id: 16248884627. 237,000 SUPER PRIZES to win by making your MoMo transactions starting from 5237F. Transfers, payments, withdrawals... etc. Try your luck on *126# or on bit.ly/MyMoMo1 to enjoy UNBEATABLE RATES: 0 FCFA on your transfers and 1% on your withdrawals. Info: 8787 or 650528787",SMS
2026-03-11,19:43:40,Received,MobileMoney,MobileMoney,"Assh! Momo pays cash! You've just earned 1024MB bonus and some points. Dial *237*2# before 11:59pm to activate your bonus . More, you are on the list to WIN a big Priz of the week",SMS
